{
  "Image_Folder/pic-20.jpg": 4.639261722564697,
  "Image_Folder/pic-21.jpg": 4.371395111083984,
  "Image_Folder/pic-22.jpg": 14.658634185791016,
  "Image_Folder/pic-23.jpg": 1.1920663118362427,
  "Image_Folder/pic-24.jpg": 1.310702919960022,
  "Image_Folder/pic-25.jpg": 5.152876853942871
}